title,company,location,description,apply_url,source
Software Engineer Intern,Google,Mountain View,"Python SQL Data Analysis Git",https://careers.google.com/software-engineer-intern,Google
Data Analyst Intern,Meta,Menlo Park,"SQL Python Tableau Excel Data Visualization",https://www.metacareers.com/data-analyst-intern,Meta
Backend Intern,Amazon,Seattle,"Java SQL AWS Git Backend REST API",https://www.amazon.jobs/backend-intern,Amazon
IT Intern,Houston Methodist,Houston,"Python Excel Database Troubleshooting Technical Support",https://www.houstonmethodistcareers.org/it-intern,Houston Methodist
Software Developer Intern,HP,Houston,"Java Python SQL REST API Git",https://jobs.hp.com/software-developer-intern,HP
Data Science Intern,Microsoft,Redmond,"Python Machine Learning SQL Statistics Data Analysis",https://careers.microsoft.com/data-science-intern,Microsoft
Frontend Developer Intern,Adobe,San Jose,"JavaScript React HTML CSS Git Frontend",https://careers.adobe.com/frontend-developer-intern,Adobe
Cloud Engineering Intern,Oracle,Austin,"Cloud AWS SQL Linux Python DevOps",https://careers.oracle.com/cloud-engineering-intern,Oracle
Business Intelligence Intern,Salesforce,San Francisco,"SQL Tableau Excel Dashboard Data Visualization",https://careers.salesforce.com/business-intelligence-intern,Salesforce
Cybersecurity Intern,Dell,Round Rock,"Python Linux Security Networking Troubleshooting",https://jobs.dell.com/cybersecurity-intern,Dell